시군구,번지,주택유형,도로조건,연면적(㎡),대지면적(㎡),계약년월,계약일,거래금액(만원),건축년도,도로명,해제사유발생일,거래구분,중개사사무소,발표
경기도 김포시 운양동,1***,단독,12m미만,121.01,154.7,202306,26,75000,2021.0,모담공원로167번길,,직거래,-,발표후
경기도 김포시 구래동,6***,다가구,12m미만,612.14,355.0,202306,27,115000,2023.0,김포한강9로12번길,,직거래,-,발표후
경기도 김포시 걸포동,1***,단독,12m미만,457.74,248.7,202306,29,138500,2023.0,걸포로10번길,,중개거래,경기 고양일산서구,발표후
경기도 김포시 대곶면 율생리,4**,단독,12m미만,81.4,107.0,202306,13,20500,2023.0,율생중앙로,,중개거래,경기 김포시,발표후
경기도 김포시 고촌읍 신곡리,1***,다가구,25m미만,366.82,248.0,202306,29,125000,2023.0,신곡로3번길,,중개거래,경기 김포시,발표후
경기도 김포시 고촌읍 전호리,2*,단독,8m미만,57.01,489.0,202306,5,52000,1997.0,전호로26번길,,중개거래,경기 김포시,발표후
경기도 김포시 하성면 후평리,5**,단독,8m미만,84.81,326.0,202306,19,45700,2022.0,하성로794번길,,직거래,-,발표후
경기도 김포시 대곶면 율생리,3*,단독,25m미만,266.8,888.0,202306,30,150000,2002.0,대곶북로,,직거래,-,발표후
경기도 김포시 사우동,2**,다가구,12m미만,548.26,269.3,202306,21,117500,2002.0,사우중로3번길,,중개거래,경기 김포시,발표후
경기도 김포시 하성면 후평리,5**,단독,8m미만,90.41,273.0,202306,19,45200,2022.0,하성로794번길,,직거래,-,발표후
경기도 김포시 하성면 봉성리,1**,단독,8m미만,401.38,862.0,202306,27,81000,2023.0,봉성로159번길,,중개거래,경기 김포시,발표후
경기도 김포시 통진읍 옹정리,1**,단독,8m미만,143.1,588.0,202306,1,62250,2023.0,옹달샘로81번길,,중개거래,경기 김포시,발표후
경기도 김포시 통진읍 마송리,5**,다가구,12m미만,479.73,272.4,202306,12,90000,2011.0,율마로384번길,,직거래,-,발표후
경기도 김포시 대곶면 대벽리,3**,단독,8m미만,155.87,567.0,202306,24,31100,2023.0,대곶서로166번길,,중개거래,경기 고양일산서구,발표후
경기도 김포시 장기동,2***,다가구,25m미만,546.87,347.1,202306,8,235000,2023.0,초당로16번길,,중개거래,경기 김포시,발표후
경기도 김포시 월곶면 고막리,2**,단독,8m미만,199.8,1023.0,202306,12,86450,2014.0,용강로,,직거래,-,발표후
경기도 김포시 운양동,1***,단독,12m미만,116.74,176.1,202306,17,108000,2023.0,모담공원로167번길,,중개거래,경기 김포시,발표후
경기도 김포시 운양동,1***,단독,8m미만,109.66,168.25,202306,13,81800,2023.0,모담공원로167번길,,중개거래,경기 김포시,발표후
경기도 김포시 운양동,1***,단독,8m미만,101.64,162.7,202306,13,70000,2023.0,모담공원로167번길,,중개거래,인천 계양구,발표후
경기도 김포시 운양동,1***,다가구,12m미만,84.97,184.7,202306,15,96000,2023.0,김포한강11로494번길,,중개거래,경기 김포시,발표후
경기도 김포시 양촌읍 양곡리,3**,단독,8m미만,147.33,187.0,202306,26,25300,1989.0,양곡1로24번길,,직거래,-,발표후
경기도 김포시 양촌읍 누산리,1**,단독,8m미만,95.2,314.0,202306,14,47000,2023.0,누산로,,중개거래,서울 강남구,발표후
경기도 김포시 양촌읍 누산리,1**,단독,8m미만,168.97,153.0,202306,26,17500,2023.0,누산로48번길,20230719.0,중개거래,경기 김포시,발표후
경기도 김포시 양촌읍 구래리,2**,단독,8m미만,99.54,314.0,202306,27,58000,2021.0,,,직거래,-,발표후
경기도 김포시 양촌읍 구래리,2**,단독,8m미만,92.24,212.0,202306,27,56943,2023.0,유현삭시로,,직거래,-,발표후
경기도 김포시 사우동,2**,단독,12m미만,539.52,405.0,202306,9,90000,1994.0,봉화로,,직거래,-,발표후
경기도 김포시 통진읍 가현리,6**,단독,8m미만,96.39,436.0,202306,7,32000,2023.0,가현로85번길,,직거래,-,발표후
경기도 김포시 월곶면 고막리,1**,단독,8m미만,84.93,343.0,202307,17,42300,2014.0,용강로103번길,,중개거래,경기 김포시,발표후
경기도 김포시 고촌읍 풍곡리,1**,단독,8m미만,91.78,198.0,202307,20,54430,,금포로429번길,,중개거래,경기 김포시,발표후
경기도 김포시 양촌읍 누산리,1**,단독,8m미만,168.97,153.0,202307,15,17500,2023.0,누산로48번길,,중개거래,경기 김포시,발표후
경기도 김포시 월곶면 성동리,2**,단독,8m미만,169.61,268.0,202307,7,18418,2023.0,문수산로,,중개거래,경기 김포시,발표후
경기도 김포시 대곶면 약암리,4**,단독,8m미만,57.6,443.0,202307,20,25700,1993.0,약암로,,중개거래,경기 김포시,발표후
경기도 김포시 통진읍 서암리,8**,단독,8m미만,99.05,328.0,202307,25,65700,2023.0,김포대로2344번길,,직거래,-,발표후
경기도 김포시 하성면 후평리,5**,단독,8m미만,90.41,256.0,202307,17,41000,2022.0,하성로794번길,,직거래,-,발표후
경기도 김포시 대곶면 송마리,3**,단독,8m미만,96.48,400.0,202307,14,13000,1995.0,대곶로202번길,,직거래,-,발표후
경기도 김포시 하성면 양택리,2**,단독,8m미만,127.13,267.0,202307,29,42700,2022.0,하성로794번길,,중개거래,경기 김포시,발표후
경기도 김포시 대곶면 약암리,3**,단독,8m미만,160.7,473.0,202307,10,41193,2023.0,대명항로551번길,,중개거래,인천 미추홀구,발표후
경기도 김포시 하성면 후평리,5**,단독,8m미만,90.41,256.0,202307,4,41000,2022.0,하성로794번길,,직거래,-,발표후
경기도 김포시 하성면 양택리,2**,단독,8m미만,199.78,809.0,202307,11,73200,1997.0,하성로,,중개거래,경기 김포시,발표후
경기도 김포시 고촌읍 풍곡리,4**,단독,8m미만,71.1,126.0,202307,7,27000,1980.0,장곡로52번길,,중개거래,경기 김포시,발표후
경기도 김포시 월곶면 갈산리,4**,다가구,8m미만,442.67,625.0,202307,28,95000,2016.0,비석동로,,직거래,-,발표후
경기도 김포시 고촌읍 신곡리,5**,단독,12m미만,183.91,399.0,202307,13,120000,1999.0,장차로,20231116.0,중개거래,경기 김포시,발표후
경기도 김포시 대곶면 율생리,4**,다가구,8m미만,608.98,366.0,202307,16,122913,2018.0,율생중앙로75번길,,중개거래,경기 김포시,발표후
경기도 김포시 월곶면 포내리,3**,단독,8m미만,69.8,495.0,202307,27,22000,2012.0,포내로,20230808.0,중개거래,경기 김포시,발표후
경기도 김포시 마산동,6**,다가구,12m미만,615.68,343.3,202308,10,190000,2019.0,김포한강8로148번길,,중개거래,경기 김포시,발표후
경기도 김포시 양촌읍 구래리,6**,단독,8m미만,84.93,273.0,202308,16,40000,2019.0,김포한강8로,,직거래,-,발표후
경기도 김포시 대곶면 대능리,3**,단독,8m미만,169.78,267.0,202308,28,52000,2017.0,대곶남로501번안길,20231030.0,중개거래,경기 김포시,발표후
경기도 김포시 양촌읍 구래리,6**,단독,8m미만,90.0,250.0,202308,22,48192,2022.0,김포한강8로,,직거래,-,발표후
경기도 김포시 통진읍 서암리,8**,단독,8m미만,134.02,366.0,202308,8,48250,2017.0,담터로55번길,,중개거래,경기 김포시,발표후
경기도 김포시 사우동,2**,단독,8m미만,61.02,159.0,202308,26,53000,1978.0,관순로,,중개거래,경기 김포시,발표후
경기도 김포시 월곶면 포내리,3**,단독,8m미만,69.8,495.0,202308,10,20000,2012.0,포내로,,중개거래,경기 김포시,발표후
경기도 김포시 월곶면 포내리,1**,단독,8m미만,76.59,132.0,202308,1,6000,1995.0,김포대로2918번길,,중개거래,경기 김포시,발표후
경기도 김포시 양촌읍 흥신리,3**,단독,8m미만,95.67,473.0,202308,13,54570,2016.0,흥신로239번길,,직거래,-,발표후
경기도 김포시 월곶면 갈산리,2**,단독,8m미만,62.92,327.0,202308,28,12500,2023.0,점동로,,직거래,-,발표후
경기도 김포시 월곶면 갈산리,2**,단독,8m미만,154.78,412.0,202308,8,19700,2023.0,점동로,,중개거래,경기 김포시,발표후
경기도 김포시 월곶면 개곡리,2**,단독,8m미만,123.93,730.0,202308,1,31700,1998.0,애기봉로,,중개거래,경기 김포시,발표후
경기도 김포시 통진읍 서암리,4**,다가구,12m미만,131.76,330.0,202309,19,35000,2014.0,서암로,,중개거래,경기 김포시,발표후
경기도 김포시 운양동,1***,단독,12m미만,59.79,54.18,202309,15,50000,2021.0,모담공원로,,중개거래,서울 용산구,발표후
경기도 김포시 월곶면 고막리,1**,단독,8m미만,198.62,395.0,202309,16,57000,2014.0,용강로103번길,,중개거래,경기 김포시,발표후
경기도 김포시 통진읍 고정리,3**,단독,8m미만,105.42,294.0,202309,15,7000,1981.0,,,직거래,-,발표후
경기도 김포시 양촌읍 구래리,7**,단독,8m미만,99.6,201.0,202309,2,51000,2020.0,봉수대로,,중개거래,경기 김포시,발표후
경기도 김포시 월곶면 포내리,8*,단독,8m미만,76.36,797.0,202309,18,27000,2000.0,김포대로2970번길,,중개거래,경기 김포시,발표후
경기도 김포시 대곶면 율생리,3**,단독,8m미만,189.96,337.0,202309,14,22500,1996.0,종생로20번길,,중개거래,서울 강남구,발표후
경기도 김포시 양촌읍 흥신리,2**,단독,8m미만,97.47,303.0,202309,14,28000,1998.0,흥신로,,직거래,-,발표후
경기도 김포시 월곶면 고막리,1**,단독,8m미만,106.88,275.0,202310,12,34500,2019.0,용강로,,직거래,-,발표전
경기도 김포시 월곶면 갈산리,5**,단독,8m미만,68.66,259.0,202310,19,14800,1992.0,군하로,,중개거래,경기 김포시,발표전
경기도 김포시 월곶면 군하리,2**,단독,8m미만,46.48,423.0,202310,16,11000,2023.0,,,직거래,-,발표전
경기도 김포시 월곶면 용강리,3**,단독,8m미만,105.15,310.0,202310,4,11500,1980.0,용강로437번길,,중개거래,경기 김포시,발표전
경기도 김포시 고촌읍 신곡리,6**,단독,-,198.9,631.0,202310,24,119000,1997.0,,,중개거래,인천 계양구,발표전
경기도 김포시 통진읍 서암리,8**,단독,8m미만,84.51,222.0,202310,20,39500,2018.0,담터로55번길,,직거래,-,발표전
경기도 김포시 월곶면 포내리,3*,단독,8m미만,210.28,437.0,202310,18,25000,1998.0,김포대로2986번길,,직거래,-,발표전
경기도 김포시 북변동,7**,다가구,12m미만,441.64,203.5,202310,13,62000,1996.0,북변1로16번길,,직거래,-,발표전
경기도 김포시 대곶면 대능리,3**,단독,8m미만,169.78,267.0,202310,31,48492,2017.0,대곶남로501번안길,,중개거래,경기 김포시,발표전
경기도 김포시 월곶면 포내리,1**,단독,12m미만,83.79,401.0,202310,11,30500,1996.0,포내로72번길,,중개거래,경기 김포시,발표전
경기도 김포시 고촌읍 풍곡리,6*,단독,8m미만,169.35,265.0,202311,18,185000,1998.0,금포로491번길,,중개거래,경기 김포시,발표전
경기도 김포시 양촌읍 양곡리,3**,단독,25m미만,239.6,530.0,202311,7,95862,2016.0,양곡우회로,20231226.0,중개거래,경기 김포시,발표전
경기도 김포시 양촌읍 양곡리,1***,단독,12m미만,84.53,135.85,202311,9,47500,2021.0,양곡3로1번길,,중개거래,경기 김포시,발표전
경기도 김포시 고촌읍 풍곡리,3**,단독,8m미만,54.0,934.0,202311,2,138000,2019.0,풍굴로92번길,,중개거래,경기 김포시,발표전
경기도 김포시 양촌읍 양곡리,3**,단독,25m미만,239.6,679.0,202311,7,120000,2016.0,양곡우회로,,중개거래,경기 김포시,발표전
경기도 김포시 고촌읍 풍곡리,*,단독,8m미만,229.29,330.0,202311,20,130000,2005.0,금포로451번길,,중개거래,"경기 김포시, 인천 계양구",발표전
경기도 김포시 양촌읍 양곡리,1***,단독,12m미만,74.56,93.37,202311,16,38800,2019.0,양곡3로1번길,,중개거래,경기 김포시,발표전
경기도 김포시 하성면 양택리,2**,단독,8m미만,127.13,267.0,202311,27,39700,2022.0,하성로794번길,,직거래,-,발표전
경기도 김포시 대곶면 송마리,4**,단독,8m미만,157.79,491.0,202311,3,34000,2014.0,대곶로,,직거래,-,발표전
경기도 김포시 대곶면 율생리,3**,단독,8m미만,104.27,119.0,202311,5,18000,2001.0,종생로,,중개거래,경기 김포시,발표전
경기도 김포시 통진읍 도사리,1*,단독,8m미만,81.55,397.0,202311,15,28000,2018.0,도사로,,중개거래,인천 서구,발표전
경기도 김포시 하성면 마곡리,8*,단독,8m미만,103.04,600.0,202311,22,37600,2004.0,월하로859번길,,중개거래,경기 김포시,발표전
경기도 김포시 풍무동,6*,다가구,8m미만,181.8,565.0,202311,27,84650,2015.0,풍무로131번길,,중개거래,경기 김포시,발표전
경기도 김포시 통진읍 도사리,1**,단독,8m미만,180.91,650.0,202311,13,37000,2006.0,도사로,,중개거래,경기 김포시,발표전
경기도 김포시 월곶면 고막리,2**,단독,8m미만,109.24,225.0,202311,29,19300,2008.0,용강로103번길,,중개거래,경기 김포시,발표전
경기도 김포시 장기동,1***,단독,12m미만,322.98,538.5,202312,28,180000,2021.0,김포한강3로237번길,,직거래,-,발표전
경기도 김포시 통진읍 마송리,5**,다가구,12m미만,446.52,258.1,202312,29,100000,2011.0,율마로438번길,,직거래,-,발표전
경기도 김포시 하성면 후평리,5**,단독,8m미만,153.07,318.0,202312,12,55000,2022.0,하성로794번길,,직거래,-,발표전
경기도 김포시 양촌읍 학운리,1***,단독,8m미만,87.6,580.0,202312,6,38700,2017.0,삼도로,,직거래,-,발표전
경기도 김포시 통진읍 옹정리,1**,단독,8m미만,77.94,325.0,202312,19,15000,2002.0,옹정로,,중개거래,경기 김포시,발표전
경기도 김포시 하성면 봉성리,1**,단독,8m미만,132.1,495.0,202312,26,26000,2009.0,하사로,,직거래,-,발표전
경기도 김포시 양촌읍 양곡리,1***,단독,12m미만,84.88,126.85,202312,26,50000,2018.0,양곡3로1번길,20240131.0,중개거래,경기 구리시,발표전
경기도 김포시 양촌읍 양곡리,4**,단독,12m미만,160.02,105.0,202312,1,35000,1980.0,양곡1로,,중개거래,경기 김포시,발표전
경기도 김포시 사우동,2**,단독,8m미만,75.01,158.0,202312,18,59700,1979.0,관순로,,중개거래,경기 김포시,발표전
경기도 김포시 장기동,2***,단독,12m미만,127.35,183.0,202312,8,70000,2019.0,초당로16번길,,중개거래,경기 김포시,발표전
경기도 김포시 양촌읍 학운리,1***,단독,8m미만,87.6,580.0,202312,6,38700,2017.0,삼도로,20240118.0,직거래,-,발표전
경기도 김포시 월곶면 조강리,2**,단독,8m미만,86.65,808.0,202401,24,28500,2018.0,용강로250번길,,직거래,-,발표전
경기도 김포시 통진읍 서암리,3**,단독,8m미만,146.4,485.0,202401,5,76487,2023.0,서암로194번길,,직거래,-,발표전
경기도 김포시 양촌읍 양곡리,1***,다가구,25m미만,185.36,233.7,202401,4,74500,2017.0,양곡3로1번길,,중개거래,경기 김포시,발표전
경기도 김포시 통진읍 도사리,6**,단독,8m미만,71.28,598.0,202401,18,41800,1993.0,김포대로,,중개거래,경기 김포시,발표전
경기도 김포시 감정동,1**,단독,8m미만,62.1,410.0,202401,18,31000,2000.0,옹주물로,,직거래,-,발표전
