시군구,번지,본번,부번,건물명,전용면적(㎡),대지권면적(㎡),계약년월,계약일,거래금액(만원),층,건축년도,도로명,해제사유발생일,거래유형,중개사소재지
경기도 김포시 양촌읍 구래리,222-1,222,1,"성하빌라가,나,다,라동",54.48,39.43,202306,7,7500,3,1991,양곡1로 23-11,,중개거래,경기 김포시
경기도 김포시 운양동,1288-1,1288,1,한신더휴테라스12(1201-1219동),84.9896,108.53,202306,7,49400,3,2017,김포한강11로438번길 123,,중개거래,경기 김포시
경기도 김포시 운양동,1293-4,1293,4,한신더휴테라스9(901-910동),59.8149,81.6,202306,7,57000,4,2017,김포한강11로 388,,중개거래,"경기 김포시, 서울 관악구"
경기도 김포시 풍무동,1-70,1,70,"화인아트빌108,109동",51.58,27.32,202306,15,10000,3,2001,장릉로 53-9,,중개거래,경기 김포시
경기도 김포시 고촌읍 신곡리,577-21,577,21,디아이빌4단지401동-404동,49.82,27.84,202306,22,34300,6,2015,인향로24번길 66-22,,중개거래,경기 김포시
경기도 김포시 고촌읍 신곡리,577-21,577,21,디아이빌4단지401동-404동,50.53,28.23,202306,22,28400,4,2015,인향로24번길 66-22,,중개거래,경기 김포시
경기도 김포시 하성면 마곡리,639-10,639,10,"온누리베일리103동,104동",48.36,29.47,202306,26,12200,4,2016,태산로18번길 34,,중개거래,경기 김포시
경기도 김포시 하성면 마곡리,637-10,637,10,태산빌라(637-10),54.56,62.17,202306,17,5790,1,1991,애기봉로806번길 68-58,,직거래,-
경기도 김포시 풍무동,1-42,1,42,우진그린힐타운(1-42),51.24,34.08,202306,28,9000,2,1997,장릉로 37-6,,직거래,-
경기도 김포시 양촌읍 구래리,428-8,428,8,양지주택(428-8),41.04,23.0,202306,23,6300,2,1986,양곡1로24번길 24-2,,중개거래,경기 김포시
경기도 김포시 통진읍 도사리,727-9,727,9,"전원빌라A,B동",66.68,52.42,202306,8,6000,3,1997,흥신로254번길 131-2,,중개거래,경기 김포시
경기도 김포시 월곶면 포내리,144-1,144,1,미소빌(가동),59.74,70.5,202306,30,16900,3,2022,김포대로2918번길 80,,직거래,-
경기도 김포시 통진읍 서암리,730-9,730,9,"인원빌라1,2동",50.07,36.3,202306,30,7500,2,1993,서암로94번길 26-1,,직거래,-
경기도 김포시 하성면 석탄리,530-21,530,21,극동파크맨숀101동,61.11,48.26,202306,16,9800,3,2002,석평로 11,,중개거래,경기 김포시
경기도 김포시 고촌읍 신곡리,540-11,540,11,하누리퀸즈가동,58.6,55.52,202306,19,26000,1,2017,고송로 18,20230720.0,중개거래,경기 김포시
경기도 김포시 통진읍 서암리,838-1,838,1,연신뉴아트빌라나동,54.91,40.2,202306,22,6800,2,1999,조강로 124,,중개거래,경기 김포시
경기도 김포시 사우동,255-1,255,1,"칠성가,나동",94.55,62.78,202306,12,24000,1,1985,돌문로 63,,중개거래,경기 김포시
경기도 김포시 통진읍 서암리,846-14,846,14,삼성타운하우스2차201동,57.88,82.0,202306,1,16600,2,2017,담터로 47,,중개거래,경기 김포시
경기도 김포시 장기동,1894-9,1894,9,김포한강신도시범양레우스라세느101동-128동,84.9725,152.41,202306,16,64000,1,2022,김포한강1로 129,,중개거래,경기 김포시
경기도 김포시 통진읍 서암리,733-18,733,18,"선우아트빌1,2동",68.04,40.7,202306,27,8200,2,2002,조강로56번길 51-24,,중개거래,경기 김포시
경기도 김포시 통진읍 가현리,456-1,456,1,미림빌라1동,37.11,54.38,202306,28,7200,3,2000,율마로 230-62,,중개거래,경기 김포시
경기도 김포시 통진읍 서암리,777-8,777,8,삼성타운밸리104동,54.96,43.12,202307,17,12300,3,2009,조강로86번길 40-15,,중개거래,경기 김포시
경기도 김포시 양촌읍 유현리,210-7,210,7,"장미하이츠빌라101,102동",44.41,64.09,202307,14,7500,3,2002,서현로65번길 56-10,,중개거래,경기 김포시
경기도 김포시 하성면 마곡리,558-5,558,5,(558-5),49.56,99.17,202307,7,7000,3,1992,하성로447번길 50,,중개거래,경기 김포시
경기도 김포시 대곶면 율생리,283-15,283,15,조양빌라5동,35.3,40.16,202307,25,5350,2,2000,종생로59번길 13,,중개거래,경기 김포시
경기도 김포시 대곶면 율생리,283-17,283,17,조양빌라3동,35.3,40.5,202307,26,5000,2,2000,종생로59번길 9,,직거래,-
경기도 김포시 통진읍 서암리,721-12,721,12,세진맨션3차B동,74.38,37.25,202307,26,11900,3,2003,조강로56번길 18,,중개거래,경기 김포시
경기도 김포시 사우동,220-5,220,5,훼미리빌라A동-D동,72.24,60.6,202307,27,15000,2,1986,봉화로29번길 17,,중개거래,경기 김포시
경기도 김포시 통진읍 가현리,456-2,456,2,미림빌라4동,37.11,64.56,202307,12,5000,3,2000,율마로 230-62,,직거래,-
경기도 김포시 대곶면 율생리,340-54,340,54,(340-54),42.55,35.46,202307,10,9050,5,2018,대명항로 324,,직거래,-
경기도 김포시 사우동,255-1,255,1,"칠성가,나동",82.33,62.53,202307,7,24000,4,1985,돌문로 63,,중개거래,경기 김포시
경기도 김포시 대곶면 율생리,283-16,283,16,조양빌라2동,35.3,41.83,202307,14,5500,3,2000,종생로59번길 9-1,,중개거래,경기 의정부시
경기도 김포시 통진읍 가현리,Feb.43,43,2,태일포로미101동-111동,83.76,114.25,202307,9,17200,3,2006,흥신로 291,,중개거래,경기 김포시
경기도 김포시 고촌읍 신곡리,540-11,540,11,하누리퀸즈가동,58.6,55.52,202307,12,27000,4,2017,고송로 18,,중개거래,경기 김포시
경기도 김포시 운양동,1288-1,1288,1,한신더휴테라스12(1201-1219동),84.9896,108.53,202307,18,81500,4,2017,김포한강11로438번길 123,,중개거래,경기 김포시
경기도 김포시 운양동,1288-1,1288,1,한신더휴테라스12(1201-1219동),84.9603,108.49,202307,1,58000,1,2017,김포한강11로438번길 123,,중개거래,경기 김포시
경기도 김포시 월곶면 포내리,144-5,144,5,미소빌(다동),59.74,79.88,202307,31,18500,1,2022,김포대로2918번길 76,,직거래,-
경기도 김포시 고촌읍 신곡리,1202,1202,0,고촌솔리힐더테라스101동-106동,84.9652,83.87,202307,7,61000,5,2018,수기로 78,,중개거래,경기 김포시
경기도 김포시 장기동,1894-9,1894,9,김포한강신도시범양레우스라세느101동-128동,84.9725,152.41,202307,18,64500,1,2022,김포한강1로 129,,중개거래,경기 김포시
경기도 김포시 장기동,1761,1761,0,테라하우스(101동-107동),83.436,112.74,202307,15,41200,1,2017,김포한강3로237번길 117,,중개거래,경기 김포시
경기도 김포시 통진읍 도사리,755-6,755,6,지음채105동,51.11,60.0,202307,12,13000,2,2018,흥신로254번길 40-9,,중개거래,경기 김포시
경기도 김포시 월곶면 포내리,Jan.79,79,1,탐빌리지103,54.43,56.36,202307,5,4500,-1,2002,김포대학로 7-6,,직거래,-
경기도 김포시 장기동,1761,1761,0,테라하우스(101동-107동),83.436,112.74,202307,25,41000,1,2017,김포한강3로237번길 117,,중개거래,경기 김포시
경기도 김포시 통진읍 도사리,765-4,765,4,통진맨션6동,116.41,115.02,202307,7,12500,3,2000,흥신로254번길 40-34,,중개거래,경기 김포시
경기도 김포시 통진읍 가현리,456-3,456,3,미림빌라3동,37.11,48.56,202307,3,6500,2,2000,율마로 230-62,,중개거래,경기 김포시
경기도 김포시 하성면 석탄리,525,525,0,"에이동,비동",53.58,51.18,202307,7,7000,2,1994,석평로15번길 49,,직거래,-
경기도 김포시 하성면 마곡리,631-7,631,7,"아느칸빌(201,202동)",69.09,58.26,202307,10,11880,4,2011,애기봉로806번길 68-34,,중개거래,경기 김포시
경기도 김포시 통진읍 가현리,456-1,456,1,미림빌라1동,37.11,54.38,202307,6,5450,1,2000,율마로 230-62,,중개거래,경기 김포시
경기도 김포시 통진읍 도사리,789-18,789,18,로얄퀸즈2차201동202동,65.03,74.19,202307,17,18500,4,2019,흥신로254번길 40-71,,직거래,-
경기도 김포시 통진읍 가현리,456-3,456,3,미림빌라3동,37.11,48.56,202308,21,4400,2,2000,율마로 230-62,,직거래,-
경기도 김포시 북변동,200-41,200,41,중앙103동,54.68,38.35,202308,30,34000,2,2022,봉화로 162-3,,직거래,-
경기도 김포시 통진읍 서암리,846-14,846,14,삼성타운하우스2차201동,57.88,82.0,202308,28,16000,3,2017,담터로 47,,중개거래,경기 김포시
경기도 김포시 통진읍 서암리,721-12,721,12,세진맨션3차B동,72.85,37.25,202308,29,8000,4,2003,조강로56번길 18,,직거래,-
경기도 김포시 통진읍 서암리,846-5,846,5,"삼성타운하우스103동,104동",38.14,63.7,202308,17,15000,4,2016,담터로 45,,직거래,-
경기도 김포시 사우동,106-3,106,3,파크빌(102동),37.05,17.04,202308,8,11500,4,2002,사우로9번길 24,,중개거래,경기 김포시
경기도 김포시 월곶면 포내리,144-1,144,1,미소빌(가동),59.74,70.5,202308,31,16900,2,2022,김포대로2918번길 80,,직거래,-
경기도 김포시 통진읍 도사리,755-3,755,3,지음채102동,51.26,60.0,202308,18,13200,3,2018,흥신로254번길 54,,중개거래,경기 김포시
경기도 김포시 통진읍 도사리,755-4,755,4,지음채103동,50.25,62.55,202308,24,12000,4,2018,흥신로254번길 52,,중개거래,경기 김포시
경기도 김포시 통진읍 서암리,840-15,840,15,(840-15),55.59,41.18,202308,18,13400,4,2017,담터로 28,,중개거래,경기 김포시
경기도 김포시 양촌읍 양곡리,384,384,0,"라온하우스A,B동",48.2,39.64,202308,1,12000,4,2014,양곡1로31번길 47,,직거래,-
경기도 김포시 운양동,1293-4,1293,4,한신더휴테라스9(901-910동),59.8149,81.6,202308,25,40200,3,2017,김포한강11로 388,,중개거래,경기 김포시
경기도 김포시 양촌읍 양곡리,397-11,397,11,"본빌101,102,103동",46.63,31.36,202308,2,15000,3,2017,양곡1로24번길 21,,중개거래,경기 김포시
경기도 김포시 운양동,1288-1,1288,1,한신더휴테라스12(1201-1219동),84.9896,108.53,202308,28,80000,4,2017,김포한강11로438번길 123,,중개거래,경기 김포시
경기도 김포시 운양동,1294-2,1294,2,하늘빛마을일성트루엘101-108동,159.057,185.37,202308,18,84700,1,2012,김포한강1로 307,,중개거래,경기 김포시
경기도 김포시 통진읍 마송리,115-7,115,7,중앙빌라(가),54.2975,49.5,202308,14,7300,1,1991,김포대로2250번길 21-3,,중개거래,경기 김포시
경기도 김포시 통진읍 마송리,115-7,115,7,중앙빌라(가),54.2975,49.5,202308,14,7300,1,1991,김포대로2250번길 21-3,20230911.0,중개거래,경기 김포시
경기도 김포시 통진읍 마송리,309-14,309,14,"삼육맨숀G동,H동",76.5,83.31,202308,15,12700,3,2001,마송2로104번길 1-13,,중개거래,경기 김포시
경기도 김포시 장기동,1762,1762,0,고창마을(대원칸타빌타운하우스)101동-105동,132.3946,155.12,202308,30,65000,4,2009,김포한강3로237번길 91,,직거래,-
경기도 김포시 마산동,670-7,670,7,자이더빌리지포레스트4단지(401-415동),84.9808,169.98,202308,25,59500,1,2018,김포한강8로 118,,중개거래,경기 김포시
경기도 김포시 운양동,1339-1,1339,1,한신더휴테라스8(801-813동),84.9896,110.47,202308,26,56500,2,2017,김포한강11로 288-48,,중개거래,경기 김포시
경기도 김포시 하성면 마곡리,642-13,642,13,"미앤느101,102,103동",49.73,33.8,202308,7,10000,5,2015,태산로18번길 15,,중개거래,경기 김포시
경기도 김포시 고촌읍 신곡리,1202,1202,0,고촌솔리힐더테라스101동-106동,84.9593,83.87,202308,15,49800,2,2018,수기로 78,20231013.0,중개거래,경기 김포시
경기도 김포시 고촌읍 신곡리,1202,1202,0,고촌솔리힐더테라스101동-106동,84.9593,83.87,202308,4,58500,1,2018,수기로 78,,중개거래,경기 김포시
경기도 김포시 고촌읍 신곡리,577-21,577,21,디아이빌4단지401동-404동,46.18,25.8,202308,28,26700,2,2015,인향로24번길 66-22,,중개거래,경기 김포시
경기도 김포시 통진읍 서암리,711-1,711,1,"현대타운가,나동",79.29,50.87,202308,24,8000,4,1991,조강로36번길 36-14,,직거래,-
경기도 김포시 하성면 마곡리,610,610,0,"골드스카이빌101,102동",50.04,25.57,202308,22,16900,4,2018,태산로13번길 36,,직거래,-
경기도 김포시 걸포동,384-17,384,17,"유진빌라(3,5동)",34.38,26.88,202308,22,11000,2,1992,김포대로 998-32,,중개거래,경기 김포시
경기도 김포시 하성면 석탄리,531-7,531,7,극동파크맨숀106동,57.0,37.09,202308,8,12000,4,2003,석평로 9-7,,중개거래,경기 김포시
경기도 김포시 고촌읍 풍곡리,480-8,480,8,MU빌리지,45.6866,43.53,202308,28,20000,5,2021,장곡로12번길 5,20231017.0,중개거래,경기 김포시
경기도 김포시 마산동,670-7,670,7,자이더빌리지포레스트4단지(401-415동),84.9376,169.89,202308,20,63000,1,2018,김포한강8로 118,,중개거래,경기 김포시
경기도 김포시 하성면 석탄리,531,531,0,"극동파크맨숀103,104동",57.0,43.45,202308,10,9200,1,2002,석평로 9-11,,중개거래,경기 김포시
경기도 김포시 하성면 마곡리,585,585,0,서울그린빌라,82.14,52.88,202308,10,13000,3,1998,하성로 480-27,,직거래,-
경기도 김포시 마산동,620-2,620,2,자이더빌리지메트로2단지(201-208동),84.9854,171.88,202308,10,60000,1,2018,김포한강8로218번길 87,,중개거래,경기 김포시
경기도 김포시 하성면 석탄리,531-7,531,7,극동파크맨숀106동,57.0,37.09,202308,8,12000,4,2003,석평로 9-7,20230817.0,중개거래,경기 김포시
경기도 김포시 하성면 마곡리,631-27,631,27,아느칸빌(203동),67.39,49.13,202308,9,12000,3,2011,애기봉로806번길 68-32,,중개거래,경기 김포시
경기도 김포시 고촌읍 신곡리,541-6,541,6,하누리퀸즈나동,54.03,61.27,202309,9,32000,4,2017,고송로 18-1,,직거래,-
경기도 김포시 운양동,1288-1,1288,1,한신더휴테라스12(1201-1219동),84.917,108.43,202309,21,58000,2,2017,김포한강11로438번길 123,,중개거래,경기 김포시
경기도 김포시 월곶면 포내리,144-1,144,1,미소빌(가동),59.74,70.5,202309,20,16900,2,2022,김포대로2918번길 80,,직거래,-
경기도 김포시 고촌읍 신곡리,478-9,478,9,고촌푸른마을105동,76.53,60.88,202309,18,26900,3,2006,고송로 32-1,,중개거래,경기 김포시
경기도 김포시 고촌읍 신곡리,478-6,478,6,고촌푸른마을106동,75.99,50.5,202309,7,23400,4,2006,고송로 36-6,,중개거래,경기 김포시
경기도 김포시 통진읍 도사리,290,290,0,"무궁화빌라가,나동",61.65,102.92,202309,5,9000,1,1999,율마로450번길 73-26,,중개거래,경기 김포시
경기도 김포시 고촌읍 신곡리,1062-6,1062,6,"더모스트A,B동",39.84,19.0,202309,27,32700,3,2020,장차로13번길 31,20230927.0,직거래,-
경기도 김포시 운양동,1293-4,1293,4,한신더휴테라스9(901-910동),59.993,81.84,202309,27,49000,1,2017,김포한강11로 388,20231019.0,직거래,-
경기도 김포시 통진읍 마송리,309-14,309,14,"삼육맨숀G동,H동",76.5,83.31,202309,15,11078,4,2001,마송2로104번길 1-15,,중개거래,경기 김포시
경기도 김포시 하성면 마곡리,산35-3,35,3,"동성연립A,B동",50.93,92.4,202309,27,9000,1,1984,하성로 486,,직거래,-
경기도 김포시 고촌읍 신곡리,577-37,577,37,디아이빌6단지601동-604동,52.496,36.17,202309,8,24400,4,2017,인향로24번길 66-24,,중개거래,경기 김포시
경기도 김포시 대곶면 율생리,340-54,340,54,(340-54),49.42,41.18,202309,14,8240,2,2018,대명항로 324,,직거래,-
경기도 김포시 하성면 마곡리,606-8,606,8,신영광하이츠,84.75,65.6,202309,26,10000,4,2001,태산로19번길 5,,직거래,-
경기도 김포시 운양동,1288-1,1288,1,한신더휴테라스12(1201-1219동),84.9896,108.53,202309,15,50000,4,2017,김포한강11로438번길 123,,중개거래,경기 김포시
경기도 김포시 사우동,212-21,212,21,예가지움,56.34,38.78,202309,23,18300,3,2017,관순로26번길 5-14,,중개거래,경기 김포시
경기도 김포시 하성면 전류리,Sep.67,67,9,강변탑스빌B동,85.78,130.85,202309,6,15500,3,2002,금포로 1905-1,,직거래,-
경기도 김포시 대곶면 율생리,340-54,340,54,(340-54),49.21,41.01,202309,14,8760,5,2018,대명항로 324,,직거래,-
경기도 김포시 대곶면 율생리,299-5,299,5,"오성주택A,B동",64.95,48.4,202309,19,8700,3,1998,종생로 36,,중개거래,경기 김포시
경기도 김포시 대곶면 율생리,269-38,269,38,조양빌라20동,47.45,53.5,202309,27,6300,3,2001,종생로59번길 6-1,,중개거래,경기 김포시
경기도 김포시 사우동,250-1,250,1,"노블타운105,106동",49.38,31.82,202309,5,16500,5,2014,봉화로 9-9,,중개거래,경기 김포시
경기도 김포시 통진읍 가현리,Feb.43,43,2,태일포로미101동-111동,59.07,80.57,202309,21,12700,1,2006,흥신로 291,,중개거래,경기 김포시
경기도 김포시 사우동,1309-7,1309,7,울루물루타운하우스401동402동403동,56.01,35.46,202309,2,17500,4,2018,봉화로51번길 32-3,,중개거래,경기 김포시
경기도 김포시 통진읍 서암리,846-11,846,11,"삼성타운하우스101동,102동",59.58,63.65,202309,5,14000,3,2016,담터로 43,,중개거래,경기 김포시
경기도 김포시 통진읍 가현리,Feb.43,43,2,태일포로미101동-111동,59.07,80.57,202309,8,12950,1,2006,흥신로 291,,중개거래,경기 김포시
경기도 김포시 통진읍 수참리,231-9,231,9,청우빌라B동,88.83,60.06,202309,3,10000,3,1998,김포대로1950번길 103,,중개거래,경기 김포시
경기도 김포시 감정동,523-10,523,10,"더포인트1,2동",47.19,26.81,202309,25,20000,5,2016,중봉로58번길 34,,직거래,-
경기도 김포시 통진읍 서암리,886-10,886,10,온누리씨티201동202동,67.72,80.1,202309,7,10000,3,2017,조강로 148,,직거래,-
경기도 김포시 월곶면 포내리,79-32,79,32,"탐빌리지107,108",44.88,47.0,202309,27,6000,1,2002,김포대학로 7-11,20231004.0,중개거래,인천 강화군
경기도 김포시 월곶면 포내리,79-32,79,32,"탐빌리지107,108",44.88,47.0,202309,27,6600,1,2002,김포대학로 7-11,,중개거래,인천 강화군
경기도 김포시 통진읍 가현리,Feb.43,43,2,태일포로미101동-111동,59.07,80.57,202309,6,13500,2,2006,흥신로 291,,중개거래,경기 김포시
경기도 김포시 풍무동,624-12,624,12,동성빌라가동,48.4,32.26,202309,17,8000,-1,1992,풍무로 41-37,,중개거래,경기 김포시
경기도 김포시 사우동,220-5,220,5,훼미리빌라A동-D동,51.96,49.35,202309,25,10000,3,1986,봉화로29번길 17,,중개거래,"경기 김포시, 인천 부평구"
경기도 김포시 감정동,523-8,523,8,"미소가1,2동",47.19,26.1,202309,23,17500,4,2016,중봉로58번길 30,,중개거래,경기 김포시
경기도 김포시 감정동,590-2,590,2,"보니타1,2동",34.9,23.66,202309,19,14185,5,2016,감정로 22,,직거래,-
경기도 김포시 운양동,1339-1,1339,1,한신더휴테라스8(801-813동),84.9603,110.43,202310,28,75000,2,2017,김포한강11로 288-48,,중개거래,경기 김포시
경기도 김포시 고촌읍 신곡리,577-37,577,37,디아이빌6단지601동-604동,52.496,36.17,202310,31,25000,5,2017,인향로24번길 66-24,,중개거래,경기 김포시
경기도 김포시 통진읍 도사리,765-4,765,4,통진맨션6동,58.205,52.81,202310,24,6700,1,2000,흥신로254번길 40-34,,중개거래,경기 김포시
경기도 김포시 운양동,1339-1,1339,1,한신더휴테라스8(801-813동),84.9896,110.47,202310,13,55000,2,2017,김포한강11로 288-48,,중개거래,경기 김포시
경기도 김포시 하성면 석탄리,531,531,0,"극동파크맨숀103,104동",57.0,43.45,202310,31,11500,3,2002,석평로 9-11,,중개거래,경기 김포시
경기도 김포시 운양동,1293-4,1293,4,한신더휴테라스9(901-910동),59.8149,81.6,202310,10,42000,3,2017,김포한강11로 388,,중개거래,경기 김포시
경기도 김포시 하성면 마곡리,608-17,608,17,하성빌라(608-17),50.72,33.77,202310,30,8500,2,1991,태산로13번길 20-6,,중개거래,경기 김포시
경기도 김포시 하성면 마곡리,489-4,489,4,현대빌라(가동나동),75.81,117.98,202310,12,10000,2,1999,하성로447번길 33,,중개거래,경기 김포시
경기도 김포시 통진읍 도사리,784-2,784,2,더죤하우스A동,32.0,39.87,202310,13,8500,2,2019,김포대로2053번길 92,20231110.0,중개거래,경기 김포시
경기도 김포시 걸포동,384-17,384,17,"유진빌라(3,5동)",39.48,30.88,202310,10,11000,4,1992,김포대로 998-34,,중개거래,경기 김포시
경기도 김포시 고촌읍 신곡리,1202,1202,0,고촌솔리힐더테라스101동-106동,84.9593,83.87,202310,13,49800,2,2018,수기로 78,,중개거래,경기 김포시
경기도 김포시 통진읍 마송리,309-13,309,13,"삼육맨숀I,J동",76.5,83.38,202310,12,12500,1,2001,마송2로104번길 1-11,,중개거래,경기 김포시
경기도 김포시 운양동,1288-1,1288,1,한신더휴테라스12(1201-1219동),84.9896,108.53,202310,26,50200,3,2017,김포한강11로438번길 123,,중개거래,경기 김포시
경기도 김포시 통진읍 서암리,714-16,714,16,통진빌라나동,54.76,33.5,202310,14,6800,2,1986,조강로44번길 16-8,,중개거래,경기 김포시
경기도 김포시 북변동,200-41,200,41,중앙103동,54.68,38.35,202310,6,34000,3,2022,봉화로 162-3,,직거래,-
경기도 김포시 사우동,226-26,226,26,롯데라동(226-26),48.96,37.06,202310,13,9800,1,1990,관순로 25-8,,중개거래,경기 김포시
경기도 김포시 통진읍 서암리,846-22,846,22,삼성타운하우스3차302동,56.29,85.0,202310,26,17500,2,2018,담터로 49-2,,중개거래,경기 김포시
경기도 김포시 통진읍 서암리,846-23,846,23,삼성타운하우스3차301동,56.29,85.0,202310,24,10000,-1,2018,담터로 49-1,,중개거래,경기 김포시
경기도 김포시 대곶면 율생리,291-20,291,20,영보빌라3동,59.86,50.25,202310,8,8000,1,2000,대명항로205번길 159,20231128.0,중개거래,경기 김포시
경기도 김포시 대곶면 율생리,340-9,340,9,미래아트빌1동2동,40.32,31.38,202310,13,10300,1,2016,대명항로 322,,직거래,-
경기도 김포시 대곶면 율생리,529-8,529,8,(529-8),45.96,33.88,202310,16,16200,2,2018,율생로 103-20,,중개거래,경기 김포시
경기도 김포시 사우동,201-10,201,10,"할렐루야A,B동",51.59,51.05,202310,16,13750,1,1985,돌문로 81,,중개거래,경기 김포시
경기도 김포시 사우동,221-1,221,1,훼미리빌라E동,56.45,34.85,202310,10,10000,3,1986,봉화로29번길 15,,중개거래,경기 김포시
경기도 김포시 통진읍 마송리,111-9,111,9,금이타운2차(A동B동),59.49,42.28,202310,28,6600,3,1997,김포대로2250번길 33,,중개거래,경기 김포시
경기도 김포시 양촌읍 누산리,603-1,603,1,"누산빌라가,나,다동(603-1)",71.28,78.96,202310,4,11000,3,2002,김포대로1766번길 48-16,,중개거래,경기 김포시
경기도 김포시 양촌읍 누산리,631-3,631,3,누산스카이빌라트,39.96,60.07,202310,10,8700,3,2002,김포대로1766번길 14-6,,중개거래,경기 김포시
경기도 김포시 양촌읍 구래리,428-18,428,18,양지주택(428-18),45.6,32.27,202310,7,7700,1,1986,양곡1로2번길 58-3,,중개거래,경기 김포시
경기도 김포시 통진읍 마송리,310-3,310,3,"한아름타운102동,103동",44.7775,54.29,202310,5,14000,4,2017,마송2로104번길 19,,중개거래,경기 김포시
경기도 김포시 고촌읍 신곡리,541-6,541,6,하누리퀸즈나동,54.03,61.27,202310,4,24500,2,2017,고송로 18-1,,중개거래,경기 김포시
경기도 김포시 대곶면 율생리,340-53,340,53,(340-53),49.2,40.13,202310,2,15500,5,2021,대명항로 322-1,,직거래,-
경기도 김포시 풍무동,1-70,1,70,"화인아트빌108,109동",51.58,27.32,202310,2,12000,1,2001,장릉로 53-9,,중개거래,경기 김포시
경기도 김포시 양촌읍 양곡리,396,396,0,신성(396-0),60.42,43.22,202310,11,7750,3,1985,양곡1로2번길 72,,중개거래,경기 김포시
경기도 김포시 양촌읍 양곡리,384-6,384,6,"행복타운101,102동",68.94,43.28,202310,11,13500,5,2014,양곡1로31번길 42,,중개거래,경기 김포시
경기도 김포시 양촌읍 양곡리,367-6,367,6,"금전클라로힐1차101,102,103,104동",55.94,36.71,202310,30,17500,3,2019,양곡4로 70-37,,중개거래,경기 김포시
경기도 김포시 운양동,1294-2,1294,2,하늘빛마을일성트루엘101-108동,171.397,201.38,202310,24,65000,1,2012,김포한강1로 307,20231129.0,중개거래,경기 김포시
경기도 김포시 통진읍 마송리,310-3,310,3,"한아름타운102동,103동",46.7795,55.5,202310,4,14200,1,2017,마송2로104번길 19,,중개거래,경기 김포시
경기도 김포시 통진읍 서암리,730-9,730,9,"인원빌라1,2동",50.07,36.3,202311,18,6400,1,1993,서암로94번길 26-1,,중개거래,경기 김포시
경기도 김포시 통진읍 서암리,714-24,714,24,통진빌라마동,54.76,33.83,202311,20,6000,1,1986,조강로36번길 13,,중개거래,경기 김포시
경기도 김포시 통진읍 마송리,115,115,0,"중앙빌라(아,자)",45.36,38.19,202311,4,6800,3,1991,김포대로2250번길 21-21,,중개거래,경기 김포시
경기도 김포시 통진읍 마송리,310-4,310,4,한아름타운101동,46.0104,55.75,202311,28,14000,2,2017,마송2로104번길 21,,중개거래,경기 김포시
경기도 김포시 통진읍 서암리,846-22,846,22,삼성타운하우스3차302동,56.29,85.0,202311,27,16600,3,2018,담터로 49-2,,중개거래,경기 김포시
경기도 김포시 통진읍 도사리,785-2,785,2,"백합빌라가,나동",37.74,51.0,202311,16,4800,1,1993,흥신로254번길 130,,중개거래,경기 김포시
경기도 김포시 통진읍 서암리,433-4,433,4,"한마음빌리지(A,B)",57.67,63.19,202311,8,9750,3,2001,소서명로 4-2,,중개거래,경기 김포시
경기도 김포시 풍무동,Apr.69,69,4,김포전원빌리지에이동비동,84.27,120.3,202311,7,40000,3,1993,풍무로131번길 24-34,,중개거래,경기 김포시
경기도 김포시 통진읍 서암리,769-7,769,7,"대성주택가,나동",38.37,31.78,202311,15,6400,2,1991,조강로86번길 12,,중개거래,경기 김포시
경기도 김포시 하성면 석탄리,330-8,330,8,(330-8),49.02,25.81,202311,20,5300,3,2010,석평로15번길 26,,직거래,-
경기도 김포시 풍무동,Apr.88,88,4,매산빌라,84.06,84.58,202311,15,19000,1,1999,승가로 14-2,,직거래,-
경기도 김포시 통진읍 도사리,480-8,480,8,엣지빌라트1동2동,54.23,98.69,202311,2,17700,4,2018,도이곶로 2-20,,직거래,-
경기도 김포시 통진읍 서암리,714-22,714,22,통진빌라사동,54.76,33.5,202311,30,7000,2,1986,조강로36번길 13-2,,중개거래,경기 김포시
경기도 김포시 통진읍 서암리,730-9,730,9,"인원빌라1,2동",48.6,35.26,202311,13,6700,4,1993,서암로94번길 26,,중개거래,경기 김포시
경기도 김포시 감정동,550-38,550,38,MU빌리지,69.68,32.42,202311,22,20000,4,2018,감정로 13,,중개거래,경기 김포시
경기도 김포시 고촌읍 신곡리,577-15,577,15,디아이빌1단지101동-104동,48.5,31.1,202311,25,23500,3,2012,김포대로329번길 28,,중개거래,경기 김포시
경기도 김포시 고촌읍 신곡리,577-15,577,15,디아이빌1단지101동-104동,48.48,31.09,202311,1,23800,2,2012,김포대로329번길 28,,중개거래,경기 김포시
경기도 김포시 양촌읍 구래리,432-4,432,4,제일골드빌라B동,74.66,41.88,202311,1,12900,2,2006,양곡1로24번길 34-10,,중개거래,경기 김포시
경기도 김포시 사우동,255-1,255,1,"칠성가,나동",85.68,62.53,202311,20,23500,4,1985,돌문로 63,,직거래,-
경기도 김포시 대곶면 대능리,482,482,0,부자맨션103동,58.33,80.5,202311,7,5300,-1,2003,대곶남로 373-45,,중개거래,경기 김포시
경기도 김포시 고촌읍 신곡리,577-22,577,22,"디아이빌201,202동",47.1,31.87,202311,4,27000,6,2014,김포대로329번길 27,,직거래,-
경기도 김포시 사우동,404-13,404,13,세진맨션(C동),58.79,41.23,202311,27,11000,2,2002,풍무로208번길 21-21,,중개거래,경기 김포시
경기도 김포시 사우동,1124,1124,0,문화빌라A동,48.51,35.5,202311,27,12500,2,1990,관순로26번길 78-1,,직거래,-
경기도 김포시 사우동,328-8,328,8,"로하스빌A,B,C동",47.861,28.56,202311,22,20000,2,2017,조리미로 42,,중개거래,경기 김포시
경기도 김포시 양촌읍 양곡리,384-8,384,8,"행복타운103,104동",40.84,30.12,202311,1,12500,5,2014,양곡1로31번길 46,,중개거래,경기 김포시
경기도 김포시 통진읍 가현리,456-3,456,3,미림빌라3동,37.11,48.56,202311,22,6500,2,2000,율마로 230-62,,직거래,-
경기도 김포시 고촌읍 신곡리,547-5,547,5,"주석리치빌가,나동",55.67,32.56,202311,10,22500,4,2018,김포대로 382,,중개거래,경기 김포시
경기도 김포시 대곶면 율생리,291-20,291,20,영보빌라3동,59.86,50.25,202311,29,8000,1,2000,대명항로205번길 159,,중개거래,경기 김포시
경기도 김포시 대곶면 대능리,482,482,0,부자맨션103동,58.33,80.5,202311,7,7100,2,2003,대곶남로 373-45,,중개거래,경기 김포시
경기도 김포시 대곶면 대능리,482,482,0,부자맨션103동,58.33,80.5,202311,7,7100,1,2003,대곶남로 373-45,,중개거래,경기 김포시
경기도 김포시 대곶면 율생리,340-9,340,9,미래아트빌1동2동,50.07,38.97,202311,10,10200,3,2016,대명항로 322,,직거래,-
경기도 김포시 대곶면 율생리,487-4,487,4,더원빌,44.08,33.54,202311,1,14700,3,2017,율생중앙로 45-18,,중개거래,경기 김포시
경기도 김포시 대곶면 대능리,482,482,0,부자맨션103동,58.33,80.5,202311,7,7100,2,2003,대곶남로 373-45,,중개거래,경기 김포시
경기도 김포시 대곶면 대능리,482,482,0,부자맨션103동,58.33,80.5,202311,7,7100,1,2003,대곶남로 373-45,,중개거래,경기 김포시
경기도 김포시 고촌읍 신곡리,492-63,492,63,"신성빌라A2차A,B,C동",49.5,46.63,202311,8,15000,3,1994,은행영사정로23번길 87,,직거래,-
경기도 김포시 운양동,1294-2,1294,2,하늘빛마을일성트루엘101-108동,111.765,131.32,202311,23,82000,4,2012,김포한강1로 307,,중개거래,경기 김포시
경기도 김포시 대곶면 대능리,482,482,0,부자맨션103동,58.33,80.5,202311,7,5300,-1,2003,대곶남로 373-45,,중개거래,경기 김포시
경기도 김포시 월곶면 군하리,207-2,207,2,군하빌라나동,44.24,23.79,202311,1,6000,2,2007,군하로276번길 14,,중개거래,경기 김포시
경기도 김포시 월곶면 갈산리,524-4,524,4,대림빌라에이동비동,58.9,69.13,202311,11,6000,1,1995,오리정로116번길 29,,직거래,-
경기도 김포시 운양동,1293-4,1293,4,한신더휴테라스9(901-910동),59.993,81.84,202311,6,48800,1,2017,김포한강11로 388,,중개거래,경기 김포시
경기도 김포시 월곶면 군하리,207-2,207,2,군하빌라나동,44.24,23.79,202311,1,6000,2,2007,군하로276번길 14,20231109.0,중개거래,경기 김포시
경기도 김포시 감정동,448-13,448,13,한터맨션,41.62,20.2,202311,13,9500,4,2002,봉화로167번길 6-12,,중개거래,경기 김포시
경기도 김포시 감정동,456-1,456,1,"대지연립가,나동",70.2,95.43,202311,7,15000,3,1985,봉화로167번길 6-14,,직거래,-
경기도 김포시 월곶면 군하리,319-3,319,3,"신영빌라(에이,비동)",65.25,54.48,202311,1,6300,4,1996,군하로 175-1,,중개거래,경기 김포시
경기도 김포시 통진읍 도사리,310,310,0,"두전빌라트A,B동",34.35,57.96,202312,1,4600,2,1994,율마로464번길 75,,직거래,-
경기도 김포시 마산동,670-7,670,7,자이더빌리지포레스트4단지(401-415동),84.9376,169.89,202312,20,58500,1,2018,김포한강8로 118,,중개거래,경기 김포시
경기도 김포시 마산동,670-7,670,7,자이더빌리지포레스트4단지(401-415동),84.9854,169.99,202312,12,63000,1,2018,김포한강8로 118,,중개거래,경기 김포시
경기도 김포시 풍무동,624-5,624,5,풍무빌라가동,29.6,24.12,202312,8,8000,-1,1992,풍무로 41-35,,중개거래,서울 강서구
경기도 김포시 마산동,620-3,620,3,자이더빌리지메트로3단지(301-312동),84.9875,186.03,202312,8,59000,1,2018,김포한강8로218번길 47,,중개거래,경기 김포시
경기도 김포시 통진읍 서암리,422-2,422,2,퀸즈파크A동,52.97,60.85,202312,6,11900,2,2017,서암로184번길 56-3,,중개거래,경기 김포시
경기도 김포시 하성면 마곡리,642-13,642,13,"미앤느101,102,103동",37.59,25.55,202312,8,8900,5,2015,태산로18번길 15,,중개거래,경기 김포시
경기도 김포시 통진읍 가현리,Feb.43,43,2,태일포로미101동-111동,59.07,80.57,202312,9,13800,1,2006,흥신로 291,,중개거래,경기 김포시
경기도 김포시 마산동,620-2,620,2,자이더빌리지메트로2단지(201-208동),84.9854,171.88,202312,17,55000,1,2018,김포한강8로218번길 87,,중개거래,경기 김포시
경기도 김포시 대곶면 대명리,366-15,366,15,"대명빌라A,B동",59.04,54.49,202312,19,3000,-1,2003,대곶로20번길 32-10,,중개거래,경기 김포시
경기도 김포시 대곶면 율생리,340-53,340,53,(340-53),46.92,38.27,202312,14,13500,2,2021,대명항로 322-1,,직거래,-
경기도 김포시 통진읍 도사리,727-43,727,43,"삼정빌라A,B동",60.6,50.81,202312,3,8000,4,1998,흥신로254번길 131-1,,중개거래,경기 김포시
경기도 김포시 대곶면 율생리,484-3,484,3,(484-3),70.24,42.42,202312,21,16500,2,2014,율생중앙로75번길 49,,중개거래,경기 김포시
경기도 김포시 월곶면 포내리,Jan.79,79,1,탐빌리지103,54.43,56.36,202312,4,4750,-1,2002,김포대학로 7-6,,중개거래,경기 김포시
경기도 김포시 대곶면 율생리,340-9,340,9,미래아트빌1동2동,40.32,31.38,202312,6,10300,1,2016,대명항로 322,,직거래,-
경기도 김포시 마산동,620-2,620,2,자이더빌리지메트로2단지(201-208동),84.9854,171.88,202312,16,58500,1,2018,김포한강8로218번길 87,,중개거래,경기 김포시
경기도 김포시 통진읍 도사리,789-29,789,29,세인트빌3동,59.95,69.88,202312,5,16500,3,2019,흥신로254번길 40-64,20240119.0,중개거래,경기 김포시
경기도 김포시 장기동,1762,1762,0,고창마을(대원칸타빌타운하우스)101동-105동,132.3946,155.12,202312,19,52000,2,2009,김포한강3로237번길 91,,직거래,-
경기도 김포시 풍무동,1-71,1,71,"화인아트빌106,110동",52.59,61.37,202312,1,6500,-1,2001,장릉로 51-15,,중개거래,경기 김포시
경기도 김포시 운양동,1337-1,1337,1,한신더휴테라스11(1101-1107동),84.917,110.87,202312,16,56400,2,2017,김포한강1로 309,,중개거래,경기 김포시
경기도 김포시 운양동,1294-2,1294,2,하늘빛마을일성트루엘101-108동,127.117,149.35,202312,28,80000,3,2012,김포한강1로 307,,중개거래,서울 용산구
경기도 김포시 운양동,1294-2,1294,2,하늘빛마을일성트루엘101-108동,111.765,131.32,202312,12,82000,2,2012,김포한강1로 307,,중개거래,경기 김포시
경기도 김포시 운양동,1294-2,1294,2,하늘빛마을일성트루엘101-108동,171.397,201.38,202312,8,68000,1,2012,김포한강1로 307,,중개거래,경기 김포시
경기도 김포시 걸포동,384-17,384,17,"유진빌라(3,5동)",34.38,26.88,202312,20,10000,4,1992,김포대로 998-32,20240103.0,직거래,-
경기도 김포시 고촌읍 신곡리,541-7,541,7,"그랜드캐슬101,102동",57.54,38.45,202312,14,46500,4,2022,고송로 16-1,,직거래,-
경기도 김포시 통진읍 마송리,111-37,111,37,금이타운1차(2동),42.03,29.43,202312,26,7500,1,1991,김포대로2250번길 39,,중개거래,경기 김포시
경기도 김포시 통진읍 마송리,310-3,310,3,"한아름타운102동,103동",46.7795,55.5,202312,8,13000,4,2017,마송2로104번길 19,,중개거래,인천 강화군
경기도 김포시 운양동,1339-1,1339,1,한신더휴테라스8(801-813동),84.9896,110.47,202312,21,57500,3,2017,김포한강11로 288-48,,중개거래,경기 김포시
경기도 김포시 양촌읍 구래리,428-14,428,14,양지주택(428-14),41.04,21.38,202312,29,6300,3,1987,양곡1로24번길 24-18,,중개거래,경기 김포시
경기도 김포시 감정동,456-5,456,5,리치빌,37.37,19.78,202312,20,8000,2,2003,봉화로167번길 6-16,,직거래,-
경기도 김포시 고촌읍 신곡리,577-15,577,15,디아이빌1단지101동-104동,50.85,32.61,202312,6,23000,2,2012,김포대로329번길 28,,중개거래,경기 김포시
경기도 김포시 사우동,1309-9,1309,9,울루물루타운하우스301동,56.4,32.37,202312,22,18000,4,2017,봉화로51번길 34,,직거래,-
경기도 김포시 사우동,1309-6,1309,6,울루물루타운하우스205동206동,41.98,33.56,202312,18,12000,3,2016,봉화로51번길 32-2,,중개거래,경기 김포시
경기도 김포시 운양동,1293-4,1293,4,한신더휴테라스9(901-910동),59.993,81.84,202312,26,48900,2,2017,김포한강11로 388,,중개거래,경기 김포시
경기도 김포시 고촌읍 신곡리,577-37,577,37,디아이빌6단지601동-604동,50.591,34.86,202312,16,22200,2,2017,인향로24번길 66-24,,중개거래,경기 김포시
경기도 김포시 월곶면 고막리,305-5,305,5,이지마을1동2동,54.45,69.5,202312,10,12300,2,2016,김포대학로 234-1,,중개거래,경기 김포시
경기도 김포시 통진읍 도사리,480-8,480,8,엣지빌라트1동2동,54.23,98.69,202312,5,18100,3,2018,도이곶로 2-20,,직거래,-
경기도 김포시 통진읍 서암리,807-1,807,1,세종개나리빌라,51.11,91.11,202312,27,7200,3,1995,서암로131번길 50,,중개거래,경기 김포시
경기도 김포시 고촌읍 신곡리,1202,1202,0,고촌솔리힐더테라스101동-106동,84.9593,83.87,202312,5,46000,3,2018,수기로 78,,중개거래,경기 김포시
경기도 김포시 고촌읍 신곡리,1202,1202,0,고촌솔리힐더테라스101동-106동,84.9593,83.87,202401,19,53000,5,2018,수기로 78,,직거래,-
경기도 김포시 고촌읍 신곡리,466-3,466,3,베아르시,51.16,30.64,202401,15,19000,2,2019,장차로 48,,중개거래,경기 김포시
경기도 김포시 장기동,1761,1761,0,테라하우스(101동-107동),83.436,112.74,202401,9,41000,1,2017,김포한강3로237번길 117,,중개거래,경기 김포시
경기도 김포시 사우동,200-15,200,15,"다청림빌라102,103동",59.98,44.77,202401,21,19000,2,2008,관순로26번길 6,,중개거래,경기 김포시
경기도 김포시 통진읍 서암리,764-33,764,33,해오름타운110동,48.75,41.45,202401,4,13200,3,2015,조강로86번길 45-7,,중개거래,경기 김포시
경기도 김포시 월곶면 포내리,Jan.79,79,1,탐빌리지103,54.43,56.36,202401,3,8900,1,2002,김포대학로 7-6,,중개거래,경기 김포시
경기도 김포시 통진읍 도사리,758-3,758,3,통진맨션2동,59.36,51.69,202401,19,6900,4,2000,흥신로254번길 40-16,,중개거래,경기 김포시
경기도 김포시 운양동,1339-1,1339,1,한신더휴테라스8(801-813동),84.9896,110.47,202401,26,59500,2,2017,김포한강11로 288-48,,중개거래,경기 김포시
경기도 김포시 운양동,1288-1,1288,1,한신더휴테라스12(1201-1219동),84.9896,108.53,202401,15,52000,3,2017,김포한강11로438번길 123,,중개거래,경기 김포시
경기도 김포시 운양동,1337-1,1337,1,한신더휴테라스11(1101-1107동),84.9896,110.96,202401,15,75000,4,2017,김포한강1로 309,,중개거래,경기 김포시
경기도 김포시 운양동,1337-1,1337,1,한신더휴테라스11(1101-1107동),84.7286,110.62,202401,11,54000,1,2017,김포한강1로 309,,중개거래,경기 김포시
경기도 김포시 양촌읍 양곡리,384-8,384,8,"행복타운103,104동",71.82,51.21,202401,6,16700,5,2014,양곡1로31번길 46,,중개거래,경기 김포시
경기도 김포시 통진읍 서암리,764-12,764,12,(764-12),47.97,31.25,202401,17,13700,4,2015,조강로 104-1,,중개거래,경기 김포시
경기도 김포시 사우동,1253,1253,0,청암아트빌라동,75.87,56.13,202401,11,16000,4,2005,봉화로51번길 88,,직거래,-
경기도 김포시 사우동,340-2,340,2,"천우주택가,나동",53.46,60.48,202401,17,11500,4,1992,조리미로 32-1,,중개거래,경기 김포시
경기도 김포시 통진읍 서암리,846-14,846,14,삼성타운하우스2차201동,57.88,82.0,202401,28,14500,1,2017,담터로 47,,중개거래,경기 김포시
경기도 김포시 사우동,248-5,248,5,수아비스(248-5),37.905,23.67,202401,16,14000,4,2013,봉화로 17-19,,중개거래,경기 김포시
경기도 김포시 북변동,417-7,417,7,"신우벨라체1단지101,102,103동",55.86,37.41,202401,21,18700,2,2017,북변중로23번길 17,,중개거래,경기 김포시
경기도 김포시 마산동,670-7,670,7,자이더빌리지포레스트4단지(401-415동),84.9376,169.89,202401,23,64000,1,2018,김포한강8로 118,,중개거래,경기 김포시
경기도 김포시 마산동,670-7,670,7,자이더빌리지포레스트4단지(401-415동),84.9376,169.89,202401,9,58000,1,2018,김포한강8로 118,,중개거래,경기 김포시
경기도 김포시 통진읍 서암리,422-2,422,2,퀸즈파크A동,52.97,60.85,202401,19,11500,1,2017,서암로184번길 56-3,,중개거래,경기 김포시
경기도 김포시 대곶면 율생리,340-9,340,9,미래아트빌1동2동,50.07,38.97,202401,2,12000,2,2016,대명항로 322,,중개거래,경기 김포시
경기도 김포시 풍무동,Apr.69,69,4,김포전원빌리지에이동비동,82.5,117.76,202401,2,40000,3,1993,풍무로131번길 24-32,,중개거래,경기 김포시
경기도 김포시 하성면 전류리,Sep.67,67,9,강변탑스빌B동,85.78,130.85,202401,13,9000,2,2002,금포로 1905-1,,직거래,-
